{
  "deepseek": {
    "total_samples": 5313,
    "samples_per_class": {
      "1": 1015,
      "0": 1007,
      "4": 934,
      "2": 828,
      "5": 828,
      "3": 701
    },
    "class_distribution": {
      "1": 19.104084321475625,
      "0": 18.953510257858085,
      "4": 17.57952192734801,
      "2": 15.584415584415584,
      "5": 15.584415584415584,
      "3": 13.194052324487107
    }
  },
  "gpt4o": {
    "total_samples": 6703,
    "samples_per_class": {
      "1": 1120,
      "4": 1119,
      "2": 1118,
      "0": 1117,
      "3": 1117,
      "5": 1112
    },
    "class_distribution": {
      "1": 16.708936297180365,
      "4": 16.694017604057883,
      "2": 16.6790989109354,
      "0": 16.66418021781292,
      "3": 16.66418021781292,
      "5": 16.589586752200507
    }
  },
  "gpt4o_deepseek": {
    "total_samples": 12016,
    "samples_per_class": {
      "1": 2135,
      "0": 2124,
      "4": 2053,
      "2": 1946,
      "5": 1940,
      "3": 1818
    },
    "class_distribution": {
      "1": 17.767976031957392,
      "0": 17.676431424766978,
      "4": 17.08555259653795,
      "2": 16.195073235685754,
      "5": 16.145139813581892,
      "3": 15.12982689747004
    }
  },
  "real_train": {
    "total_samples": 91,
    "samples_per_class": {
      "0": 24,
      "4": 22,
      "2": 19,
      "3": 13,
      "5": 11,
      "1": 2
    },
    "class_distribution": {
      "0": 26.373626373626376,
      "4": 24.175824175824175,
      "2": 20.87912087912088,
      "3": 14.285714285714285,
      "5": 12.087912087912088,
      "1": 2.197802197802198
    }
  },
  "real_test": {
    "total_samples": 39,
    "samples_per_class": {
      "0": 10,
      "2": 9,
      "4": 9,
      "3": 5,
      "5": 5,
      "1": 1
    },
    "class_distribution": {
      "0": 25.64102564102564,
      "2": 23.076923076923077,
      "4": 23.076923076923077,
      "3": 12.82051282051282,
      "5": 12.82051282051282,
      "1": 2.564102564102564
    }
  },
  "real_train_deepseek": {
    "total_samples": 5404,
    "samples_per_class": {
      "0": 1031,
      "1": 1017,
      "4": 956,
      "2": 847,
      "5": 839,
      "3": 714
    },
    "class_distribution": {
      "0": 19.07846039970392,
      "1": 18.819393042190967,
      "4": 17.69059955588453,
      "2": 15.67357512953368,
      "5": 15.525536639526278,
      "3": 13.21243523316062
    }
  },
  "real_train_gpt4o": {
    "total_samples": 6794,
    "samples_per_class": {
      "0": 1141,
      "4": 1141,
      "2": 1137,
      "3": 1130,
      "5": 1123,
      "1": 1122
    },
    "class_distribution": {
      "0": 16.7942302031204,
      "4": 16.7942302031204,
      "2": 16.73535472475714,
      "3": 16.63232263762143,
      "5": 16.529290550485722,
      "1": 16.514571680894907
    }
  },
  "real_train_gpt4o_deepseek": {
    "total_samples": 12107,
    "samples_per_class": {
      "0": 2148,
      "1": 2137,
      "4": 2075,
      "2": 1965,
      "5": 1951,
      "3": 1831
    },
    "class_distribution": {
      "0": 17.74180226315355,
      "1": 17.650945733872966,
      "4": 17.13884529610969,
      "2": 16.230280003303875,
      "5": 16.114644420583133,
      "3": 15.123482282976791
    }
  }
}