{
  "macro_metrics": {
    "precision": 0.2777777777777778,
    "recall": 0.2777777777777778
  },
  "confusion_matrix": [
    [
      10,
      0,
      0,
      0,
      0,
      0
    ],
    [
      1,
      0,
      0,
      0,
      0,
      0
    ],
    [
      3,
      0,
      5,
      0,
      1,
      0
    ],
    [
      5,
      0,
      0,
      0,
      0,
      0
    ],
    [
      7,
      0,
      1,
      0,
      1,
      0
    ],
    [
      4,
      0,
      0,
      1,
      0,
      0
    ]
  ]
}