{
  "macro_metrics": {
    "precision": 0.47277777777777774,
    "recall": 0.3351851851851852
  },
  "confusion_matrix": [
    [
      3,
      0,
      6,
      1,
      0,
      0
    ],
    [
      0,
      0,
      1,
      0,
      0,
      0
    ],
    [
      1,
      0,
      8,
      0,
      0,
      0
    ],
    [
      1,
      0,
      2,
      1,
      0,
      1
    ],
    [
      0,
      0,
      6,
      1,
      2,
      0
    ],
    [
      0,
      0,
      2,
      1,
      0,
      2
    ]
  ]
}