{
  "macro_metrics": {
    "precision": 0.42077067669172935,
    "recall": 0.4370370370370371
  },
  "confusion_matrix": [
    [
      8,
      0,
      0,
      1,
      1,
      0
    ],
    [
      0,
      0,
      0,
      1,
      0,
      0
    ],
    [
      2,
      0,
      7,
      0,
      0,
      0
    ],
    [
      2,
      0,
      0,
      3,
      0,
      0
    ],
    [
      4,
      0,
      1,
      0,
      4,
      0
    ],
    [
      3,
      0,
      0,
      2,
      0,
      0
    ]
  ]
}