{
  "macro_metrics": {
    "precision": 0.38888888888888884,
    "recall": 0.2962962962962963
  },
  "confusion_matrix": [
    [
      10,
      0,
      0,
      0,
      0,
      0
    ],
    [
      1,
      0,
      0,
      0,
      0,
      0
    ],
    [
      3,
      1,
      5,
      0,
      0,
      0
    ],
    [
      5,
      0,
      0,
      0,
      0,
      0
    ],
    [
      7,
      0,
      0,
      0,
      2,
      0
    ],
    [
      4,
      0,
      0,
      1,
      0,
      0
    ]
  ]
}