{
  "macro_metrics": {
    "precision": 0.6004901960784313,
    "recall": 0.5851851851851851
  },
  "confusion_matrix": [
    [
      6,
      0,
      2,
      1,
      0,
      1
    ],
    [
      0,
      1,
      0,
      0,
      0,
      0
    ],
    [
      2,
      1,
      6,
      0,
      0,
      0
    ],
    [
      2,
      0,
      0,
      3,
      0,
      0
    ],
    [
      5,
      0,
      0,
      0,
      4,
      0
    ],
    [
      2,
      0,
      0,
      2,
      0,
      1
    ]
  ]
}