{
  "macro_metrics": {
    "precision": 0.2577639751552795,
    "recall": 0.20740740740740737
  },
  "confusion_matrix": [
    [
      6,
      0,
      0,
      0,
      4,
      0
    ],
    [
      1,
      0,
      0,
      0,
      0,
      0
    ],
    [
      5,
      0,
      0,
      0,
      4,
      0
    ],
    [
      3,
      0,
      1,
      0,
      1,
      0
    ],
    [
      5,
      0,
      0,
      0,
      4,
      0
    ],
    [
      3,
      0,
      0,
      0,
      1,
      1
    ]
  ]
}