{
  "macro_metrics": {
    "precision": 0.4252923976608187,
    "recall": 0.3685185185185185
  },
  "confusion_matrix": [
    [
      3,
      0,
      6,
      1,
      0,
      0
    ],
    [
      0,
      0,
      1,
      0,
      0,
      0
    ],
    [
      1,
      0,
      7,
      1,
      0,
      0
    ],
    [
      0,
      0,
      1,
      3,
      0,
      1
    ],
    [
      1,
      0,
      4,
      1,
      3,
      0
    ],
    [
      0,
      0,
      0,
      3,
      1,
      1
    ]
  ]
}