{
  "macro_metrics": {
    "precision": 0.5908521303258145,
    "recall": 0.4833333333333334
  },
  "confusion_matrix": [
    [
      9,
      0,
      1,
      0,
      0,
      0
    ],
    [
      0,
      0,
      0,
      0,
      1,
      0
    ],
    [
      2,
      0,
      6,
      1,
      0,
      0
    ],
    [
      1,
      0,
      0,
      4,
      0,
      0
    ],
    [
      5,
      0,
      1,
      0,
      3,
      0
    ],
    [
      2,
      0,
      0,
      2,
      0,
      1
    ]
  ]
}