{
  "macro_metrics": {
    "precision": 0.4853174603174603,
    "recall": 0.4666666666666666
  },
  "confusion_matrix": [
    [
      6,
      0,
      1,
      1,
      0,
      2
    ],
    [
      1,
      0,
      0,
      0,
      0,
      0
    ],
    [
      2,
      0,
      6,
      0,
      1,
      0
    ],
    [
      0,
      0,
      0,
      4,
      0,
      1
    ],
    [
      5,
      0,
      0,
      0,
      3,
      1
    ],
    [
      1,
      0,
      0,
      2,
      0,
      2
    ]
  ]
}