{
  "macro_metrics": {
    "precision": 0.6043650793650793,
    "recall": 0.4518518518518519
  },
  "confusion_matrix": [
    [
      10,
      0,
      0,
      0,
      0,
      0
    ],
    [
      0,
      0,
      0,
      1,
      0,
      0
    ],
    [
      2,
      0,
      6,
      1,
      0,
      0
    ],
    [
      3,
      0,
      0,
      2,
      0,
      0
    ],
    [
      3,
      0,
      2,
      0,
      4,
      0
    ],
    [
      3,
      0,
      0,
      1,
      0,
      1
    ]
  ]
}