{
  "macro_metrics": {
    "precision": 0.6182539682539683,
    "recall": 0.4703703703703703
  },
  "confusion_matrix": [
    [
      10,
      0,
      0,
      0,
      0,
      0
    ],
    [
      0,
      0,
      0,
      1,
      0,
      0
    ],
    [
      1,
      0,
      6,
      1,
      1,
      0
    ],
    [
      3,
      0,
      0,
      2,
      0,
      0
    ],
    [
      4,
      0,
      0,
      0,
      5,
      0
    ],
    [
      3,
      0,
      0,
      1,
      0,
      1
    ]
  ]
}