{
  "macro_metrics": {
    "precision": 0.5773809523809524,
    "recall": 0.4703703703703705
  },
  "confusion_matrix": [
    [
      8,
      0,
      0,
      0,
      1,
      1
    ],
    [
      1,
      0,
      0,
      0,
      0,
      0
    ],
    [
      3,
      0,
      6,
      0,
      0,
      0
    ],
    [
      2,
      0,
      0,
      3,
      0,
      0
    ],
    [
      4,
      0,
      0,
      0,
      5,
      0
    ],
    [
      3,
      0,
      0,
      1,
      0,
      1
    ]
  ]
}