{
  "macro_metrics": {
    "precision": 0.37207357859531776,
    "recall": 0.2833333333333333
  },
  "confusion_matrix": [
    [
      5,
      0,
      0,
      0,
      5,
      0
    ],
    [
      0,
      0,
      0,
      0,
      1,
      0
    ],
    [
      3,
      0,
      1,
      0,
      5,
      0
    ],
    [
      2,
      0,
      0,
      1,
      2,
      0
    ],
    [
      1,
      0,
      0,
      0,
      8,
      0
    ],
    [
      2,
      0,
      0,
      1,
      2,
      0
    ]
  ]
}