{
  "macro_metrics": {
    "precision": 0.49429824561403507,
    "recall": 0.3148148148148148
  },
  "confusion_matrix": [
    [
      2,
      0,
      6,
      2,
      0,
      0
    ],
    [
      0,
      0,
      1,
      0,
      0,
      0
    ],
    [
      1,
      0,
      6,
      2,
      0,
      0
    ],
    [
      1,
      0,
      1,
      3,
      0,
      0
    ],
    [
      1,
      0,
      4,
      2,
      2,
      0
    ],
    [
      0,
      0,
      1,
      3,
      0,
      1
    ]
  ]
}