{
  "macro_metrics": {
    "precision": 0.43553113553113554,
    "recall": 0.4351851851851852
  },
  "confusion_matrix": [
    [
      5,
      0,
      2,
      2,
      0,
      1
    ],
    [
      0,
      0,
      0,
      0,
      1,
      0
    ],
    [
      1,
      0,
      7,
      0,
      1,
      0
    ],
    [
      1,
      0,
      0,
      3,
      0,
      1
    ],
    [
      5,
      0,
      1,
      0,
      3,
      0
    ],
    [
      1,
      0,
      0,
      2,
      0,
      2
    ]
  ]
}