{
  "macro_metrics": {
    "precision": 0.3650793650793651,
    "recall": 0.3148148148148148
  },
  "confusion_matrix": [
    [
      10,
      0,
      0,
      0,
      0,
      0
    ],
    [
      1,
      0,
      0,
      0,
      0,
      0
    ],
    [
      3,
      1,
      5,
      0,
      0,
      0
    ],
    [
      5,
      0,
      0,
      0,
      0,
      0
    ],
    [
      5,
      0,
      1,
      0,
      3,
      0
    ],
    [
      4,
      0,
      0,
      1,
      0,
      0
    ]
  ]
}