{
  "macro_metrics": {
    "precision": 0.3574712643678161,
    "recall": 0.2962962962962963
  },
  "confusion_matrix": [
    [
      10,
      0,
      0,
      0,
      0,
      0
    ],
    [
      1,
      0,
      0,
      0,
      0,
      0
    ],
    [
      4,
      1,
      4,
      0,
      0,
      0
    ],
    [
      5,
      0,
      0,
      0,
      0,
      0
    ],
    [
      5,
      0,
      1,
      0,
      3,
      0
    ],
    [
      4,
      0,
      0,
      1,
      0,
      0
    ]
  ]
}