{
  "macro_metrics": {
    "precision": 0.8102591036414566,
    "recall": 0.6907407407407407
  },
  "confusion_matrix": [
    [
      9,
      0,
      1,
      0,
      0,
      0
    ],
    [
      0,
      1,
      0,
      0,
      0,
      0
    ],
    [
      1,
      0,
      6,
      1,
      1,
      0
    ],
    [
      2,
      0,
      0,
      3,
      0,
      0
    ],
    [
      2,
      0,
      0,
      0,
      7,
      0
    ],
    [
      3,
      0,
      0,
      1,
      0,
      1
    ]
  ]
}