{
  "macro_metrics": {
    "precision": 0.44246031746031744,
    "recall": 0.44629629629629636
  },
  "confusion_matrix": [
    [
      9,
      1,
      0,
      0,
      0,
      0
    ],
    [
      0,
      1,
      0,
      0,
      0,
      0
    ],
    [
      3,
      1,
      5,
      0,
      0,
      0
    ],
    [
      5,
      0,
      0,
      0,
      0,
      0
    ],
    [
      7,
      0,
      0,
      0,
      2,
      0
    ],
    [
      4,
      0,
      0,
      1,
      0,
      0
    ]
  ]
}