{
  "macro_metrics": {
    "precision": 0.33695144724556486,
    "recall": 0.23148148148148148
  },
  "confusion_matrix": [
    [
      3,
      0,
      4,
      2,
      1,
      0
    ],
    [
      0,
      0,
      0,
      0,
      1,
      0
    ],
    [
      3,
      0,
      5,
      0,
      1,
      0
    ],
    [
      5,
      0,
      0,
      0,
      0,
      0
    ],
    [
      4,
      0,
      2,
      0,
      3,
      0
    ],
    [
      2,
      0,
      1,
      0,
      1,
      1
    ]
  ]
}