{
  "macro_metrics": {
    "precision": 0.5673489278752436,
    "recall": 0.5037037037037037
  },
  "confusion_matrix": [
    [
      10,
      0,
      0,
      0,
      0,
      0
    ],
    [
      0,
      0,
      0,
      1,
      0,
      0
    ],
    [
      2,
      0,
      7,
      0,
      0,
      0
    ],
    [
      1,
      0,
      0,
      3,
      0,
      1
    ],
    [
      3,
      0,
      2,
      0,
      4,
      0
    ],
    [
      3,
      0,
      0,
      1,
      0,
      1
    ]
  ]
}