{
  "macro_metrics": {
    "precision": 0.4787037037037037,
    "recall": 0.45185185185185195
  },
  "confusion_matrix": [
    [
      6,
      0,
      1,
      2,
      1,
      0
    ],
    [
      0,
      0,
      1,
      0,
      0,
      0
    ],
    [
      2,
      0,
      7,
      0,
      0,
      0
    ],
    [
      0,
      0,
      0,
      4,
      0,
      1
    ],
    [
      6,
      0,
      0,
      0,
      3,
      0
    ],
    [
      1,
      0,
      0,
      3,
      0,
      1
    ]
  ]
}