{
  "macro_metrics": {
    "precision": 0.30577514273166445,
    "recall": 0.31666666666666665
  },
  "confusion_matrix": [
    [
      1,
      0,
      7,
      2,
      0,
      0
    ],
    [
      0,
      0,
      1,
      0,
      0,
      0
    ],
    [
      1,
      0,
      7,
      0,
      1,
      0
    ],
    [
      0,
      0,
      1,
      4,
      0,
      0
    ],
    [
      0,
      0,
      5,
      2,
      2,
      0
    ],
    [
      0,
      0,
      2,
      3,
      0,
      0
    ]
  ]
}