{
  "macro_metrics": {
    "precision": 0.2419191919191919,
    "recall": 0.24259259259259258
  },
  "confusion_matrix": [
    [
      7,
      0,
      1,
      1,
      1,
      0
    ],
    [
      0,
      0,
      0,
      0,
      1,
      0
    ],
    [
      3,
      0,
      2,
      0,
      4,
      0
    ],
    [
      3,
      0,
      1,
      1,
      0,
      0
    ],
    [
      6,
      0,
      0,
      0,
      3,
      0
    ],
    [
      3,
      0,
      0,
      1,
      1,
      0
    ]
  ]
}