{
  "macro_metrics": {
    "precision": 0.6604575163398693,
    "recall": 0.6722222222222222
  },
  "confusion_matrix": [
    [
      9,
      1,
      0,
      0,
      0,
      0
    ],
    [
      0,
      1,
      0,
      0,
      0,
      0
    ],
    [
      1,
      0,
      7,
      0,
      1,
      0
    ],
    [
      1,
      0,
      0,
      3,
      0,
      1
    ],
    [
      4,
      0,
      0,
      0,
      5,
      0
    ],
    [
      2,
      0,
      0,
      2,
      0,
      1
    ]
  ]
}