{
  "macro_metrics": {
    "precision": 0.4388888888888889,
    "recall": 0.4203703703703703
  },
  "confusion_matrix": [
    [
      3,
      0,
      1,
      3,
      0,
      3
    ],
    [
      1,
      0,
      0,
      0,
      0,
      0
    ],
    [
      1,
      0,
      7,
      0,
      1,
      0
    ],
    [
      1,
      0,
      0,
      3,
      0,
      1
    ],
    [
      5,
      0,
      0,
      0,
      4,
      0
    ],
    [
      1,
      0,
      0,
      2,
      0,
      2
    ]
  ]
}