{
  "macro_metrics": {
    "precision": 0.6611111111111111,
    "recall": 0.6203703703703703
  },
  "confusion_matrix": [
    [
      7,
      1,
      2,
      0,
      0,
      0
    ],
    [
      0,
      1,
      0,
      0,
      0,
      0
    ],
    [
      1,
      0,
      6,
      1,
      1,
      0
    ],
    [
      2,
      0,
      0,
      3,
      0,
      0
    ],
    [
      3,
      0,
      1,
      0,
      5,
      0
    ],
    [
      2,
      0,
      0,
      2,
      0,
      1
    ]
  ]
}