{
  "macro_metrics": {
    "precision": 0.33928571428571425,
    "recall": 0.2796296296296297
  },
  "confusion_matrix": [
    [
      9,
      0,
      1,
      0,
      0,
      0
    ],
    [
      1,
      0,
      0,
      0,
      0,
      0
    ],
    [
      3,
      1,
      5,
      0,
      0,
      0
    ],
    [
      5,
      0,
      0,
      0,
      0,
      0
    ],
    [
      6,
      0,
      1,
      0,
      2,
      0
    ],
    [
      4,
      0,
      0,
      1,
      0,
      0
    ]
  ]
}