{
  "macro_metrics": {
    "precision": 0.29444444444444445,
    "recall": 0.2685185185185185
  },
  "confusion_matrix": [
    [
      3,
      0,
      6,
      1,
      0,
      0
    ],
    [
      0,
      0,
      1,
      0,
      0,
      0
    ],
    [
      1,
      0,
      6,
      1,
      1,
      0
    ],
    [
      0,
      0,
      1,
      0,
      0,
      4
    ],
    [
      1,
      0,
      3,
      0,
      4,
      1
    ],
    [
      0,
      0,
      1,
      2,
      1,
      1
    ]
  ]
}