{
  "real_train": {
    "vocabulary_size": 566,
    "average_pairwise_similarity": 0.5442045331001282,
    "intra_class_aps": 0.5869401693344116,
    "inter_class_aps": 0.5336345434188843,
    "inter_ngram_frequency": 1.214401294498382
  },
  "deepseek": {
    "vocabulary_size": 3659,
    "average_pairwise_similarity": 0.6490249037742615,
    "intra_class_aps": 0.7293349504470825,
    "inter_class_aps": 0.6326740980148315,
    "inter_ngram_frequency": 5.086277732128184
  },
  "gpt4o": {
    "vocabulary_size": 4874,
    "average_pairwise_similarity": 0.6118600964546204,
    "intra_class_aps": 0.6890843510627747,
    "inter_class_aps": 0.5964272618293762,
    "inter_ngram_frequency": 2.4719330886173547
  }
}